Date,Time,Type,Route Name,Distance (km),00:24:41,Average Pace,Average Speed (km/h),Calories Burned,Climb (m),Average Heart Rate (bpm),Friend's Tagged,Notes,GPX File
2018-11-11,14:05:12,Running,,10.44,58:40:00,05:37,10.68,774,130,159,,,2018-11-11-140512.gpx
2018-11-09,15:02:35,Running,,12.84,01:14:12,05:47,10.39,954,168,159,,,2018-11-09-150235.gpx
2018-11-04,16:05:00,Running,,13.01,01:15:16,05:47,10.37,967,171,155,,,2018-11-04-160500.gpx
2018-11-01,14:03:58,Running,,12.98,01:14:25,05:44,10.47,960,169,158,,,2018-11-01-140358.gpx
2018-10-27,17:01:36,Running,,13.02,01:12:50,05:36,10.73,967,170,154,,,2018-10-27-170136.gpx
2018-10-19,17:52:32,Running,,10.29,59:18:00,05:46,10.41,764,133,155,,,2018-10-19-175232.gpx
2018-10-14,17:28:56,Running,,12.93,01:10:16,05:26,11.04,953,159,158,,,2018-10-14-172856.gpx
2018-10-12,17:41:58,Running,,12.31,01:09:26,05:38,10.64,903,134,157,,,2018-10-12-174158.gpx
2018-10-06,16:45:02,Cycling,,19.63,01:26:26,04:24,13.63,577,210,79,,,2018-10-06-164502.gpx
2018-09-30,16:52:34,Running,,12.97,01:13:56,05:42,10.52,964,171,156,,,2018-09-30-165234.gpx
2018-09-16,14:55:03,Cycling,,32.61,01:55:15,03:32,16.98,830,462,118,,,2018-09-16-145503.gpx
2018-09-02,17:24:28,Other,,17.65,01:01:28,03:29,17.23,1164,219,77,,,2018-09-02-172428.gpx
2018-09-01,17:06:15,Cycling,,36.89,01:58:39,03:13,18.65,937,491,122,,,2018-09-01-170615.gpx
2018-08-28,18:44:33,Cycling,,28.17,01:27:07,03:06,19.4,685,400,111,,,2018-08-28-184433.gpx
2018-08-25,17:18:32,Cycling,,19.41,01:11:33,03:41,16.28,536,199,124,,,2018-08-25-171832.gpx
2018-08-22,18:25:22,Running,,4.38,33:55:00,07:45,7.75,334,60,138,,,2018-08-22-182522.gpx
2018-08-12,17:37:17,Running,,22.09,02:13:22,06:02,9.94,1652,342,148,,,2018-08-12-173717.gpx
2018-08-08,18:44:59,Running,,15.27,01:19:37,05:13,11.51,1143,241,150,,,2018-08-08-184459.gpx
2018-08-05,10:17:10,Running,,18.7,01:49:19,05:51,10.26,1397,280,150,,,2018-08-05-101710.gpx
2018-08-01,18:20:26,Running,,18.2,01:43:05,05:40,10.59,1355,259,145,,,2018-08-01-182026.gpx
2018-07-31,18:25:24,Other,,16.8,01:07:21,04:01,14.97,1075,202,94,,,2018-07-31-182524.gpx
2018-07-30,18:18:47,Running,,17.87,01:44:00,05:49,10.31,1269,261,141,,TomTom MySports Watch,2018-07-30-181847.gpx
2018-07-27,11:43:03,Running,,12.71,01:14:51,05:53,10.19,893,180,145,,TomTom MySports Watch,2018-07-27-114303.gpx
2018-07-20,08:01:51,Running,,11.01,59:18:00,05:23,11.14,795,85,,,,2018-07-20-080151.gpx
2018-07-18,08:08:39,Running,,11.04,55:41:00,05:03,11.9,801,87,,,,2018-07-18-080839.gpx
2018-07-13,17:43:20,Running,,17.96,01:41:36,05:40,10.6,1271,258,145,,TomTom MySports Watch,2018-07-13-174320.gpx
2018-07-07,16:02:30,Running,,17.85,01:37:40,05:28,10.97,1261,266,149,,TomTom MySports Watch,2018-07-07-160230.gpx
2018-07-03,18:00:05,Running,,18.75,01:41:30,05:25,11.08,1332,300,139,,TomTom MySports Watch,2018-07-03-180005.gpx
2018-06-28,12:24:25,Running,,17.95,01:36:59,05:24,11.1,1261,260,148,,TomTom MySports Watch,2018-06-28-122425.gpx
2018-06-25,18:11:12,Running,,18.72,01:39:27,05:19,11.3,1317,301,142,,TomTom MySports Watch,2018-06-25-181112.gpx
2018-06-21,18:03:18,Running,,14.38,01:15:59,05:17,11.36,1007,211,145,,TomTom MySports Watch,2018-06-21-180318.gpx
2018-06-18,18:17:49,Running,,11.63,01:02:52,05:24,11.1,811,145,141,,TomTom MySports Watch,2018-06-18-181749.gpx
2018-06-16,17:29:00,Running,,14.95,01:19:03,05:17,11.35,1057,243,147,,TomTom MySports Watch,2018-06-16-172900.gpx
2018-06-13,18:50:49,Running,,12.75,01:07:30,05:18,11.34,890,173,147,,TomTom MySports Watch,2018-06-13-185049.gpx
2018-06-11,18:23:11,Running,,15.74,01:22:58,05:16,11.38,1101,209,147,,TomTom MySports Watch,2018-06-11-182311.gpx
2018-06-06,18:44:29,Running,,12.78,01:07:56,05:19,11.29,901,170,143,,TomTom MySports Watch,2018-06-06-184429.gpx
2018-06-03,17:21:51,Running,,17.58,01:33:29,05:19,11.28,1240,235,149,,TomTom MySports Watch,2018-06-03-172151.gpx
2018-05-30,18:48:00,Running,,12.81,01:08:12,05:20,11.27,907,172,147,,TomTom MySports Watch,2018-05-30-184800.gpx
2018-05-27,17:31:09,Running,,21.73,02:03:22,05:41,10.57,1528,343,140,,TomTom MySports Watch,2018-05-27-173109.gpx
2018-05-23,18:13:17,Running,,15.59,01:20:32,05:10,11.62,1078,208,158,,TomTom MySports Watch,2018-05-23-181317.gpx
2018-05-21,18:29:35,Running,,12.79,01:07:03,05:15,11.44,899,168,144,,TomTom MySports Watch,2018-05-21-182935.gpx
2018-05-18,18:38:50,Running,,12.79,01:05:52,05:09,11.66,893,168,147,,TomTom MySports Watch,2018-05-18-183850.gpx
2018-05-15,18:56:19,Running,,12.8,01:05:52,05:09,11.66,889,167,148,,TomTom MySports Watch,2018-05-15-185619.gpx
2018-05-09,18:03:20,Running,,12.76,01:08:31,05:22,11.18,892,170,143,,TomTom MySports Watch,2018-05-09-180320.gpx
2018-05-05,11:43:10,Running,,15.38,01:30:56,05:55,10.15,1098,234,152,,TomTom MySports Watch,2018-05-05-114310.gpx
2018-05-02,18:22:09,Running,,12.77,01:07:59,05:19,11.27,894,174,147,,TomTom MySports Watch,2018-05-02-182209.gpx
2018-04-29,16:53:30,Running,,15,01:25:03,05:40,10.58,1061,245,149,,TomTom MySports Watch,2018-04-29-165330.gpx
2018-04-24,18:17:23,Running,,12.84,01:08:48,05:22,11.2,902,171,143,,TomTom MySports Watch,2018-04-24-181723.gpx
2018-04-21,18:18:13,Running,,12.7,01:07:12,05:18,11.34,893,171,148,,TomTom MySports Watch,2018-04-21-181813.gpx
2018-04-18,18:16:49,Running,,12.84,01:06:56,05:13,11.51,901,172,146,,TomTom MySports Watch,2018-04-18-181649.gpx
2018-04-15,11:32:26,Running,,12.76,01:07:57,05:20,11.26,892,169,154,,TomTom MySports Watch,2018-04-15-113226.gpx
2018-04-13,18:37:12,Running,,12.9,01:07:47,05:15,11.42,908,169,147,,TomTom MySports Watch,2018-04-13-183712.gpx
2018-04-11,18:17:35,Running,,12.82,01:07:10,05:14,11.45,892,173,147,,TomTom MySports Watch,2018-04-11-181735.gpx
2018-04-08,11:41:49,Running,,16.48,01:31:35,05:33,10.8,1158,236,164,,TomTom MySports Watch,2018-04-08-114149.gpx
2018-04-06,18:01:30,Running,,12.75,01:10:54,05:34,10.79,900,170,154,,TomTom MySports Watch,2018-04-06-180130.gpx
2018-04-03,18:43:05,Running,,8.32,46:53:00,05:38,10.65,582,135,143,,TomTom MySports Watch,2018-04-03-184305.gpx
2018-03-26,18:33:12,Running,,11.82,01:05:28,05:32,10.83,841,202,150,,TomTom MySports Watch,2018-03-26-183312.gpx
2018-03-21,18:57:05,Running,,6.4,37:41:00,05:53,10.19,458,116,137,,TomTom MySports Watch,2018-03-21-185705.gpx
2018-03-18,18:14:45,Running,,10.36,01:00:17,05:49,10.31,738,188,147,,TomTom MySports Watch,2018-03-18-181445.gpx
2018-03-15,18:31:35,Running,,10.15,58:40:00,05:47,10.38,719,182,149,,TomTom MySports Watch,2018-03-15-183135.gpx
2018-02-19,18:28:16,Running,,10.42,01:00:10,05:46,10.39,742,174,143,,TomTom MySports Watch,2018-02-19-182816.gpx
2018-02-15,19:11:33,Running,,10.27,01:00:19,05:52,10.22,730,174,146,,TomTom MySports Watch,2018-02-15-191133.gpx
2018-02-13,18:27:44,Running,,10.6,01:01:20,05:47,10.37,750,179,146,,TomTom MySports Watch,2018-02-13-182744.gpx
2018-02-04,17:47:37,Running,,10.08,58:57:00,05:51,10.26,713,175,141,,TomTom MySports Watch,2018-02-04-174737.gpx
2018-01-28,13:23:30,Running,,13,01:13:42,05:40,10.59,910,174,152,,TomTom MySports Watch,2018-01-28-132330.gpx
2018-01-24,18:13:26,Running,,11.59,01:10:30,06:05,9.86,847,196,143,,TomTom MySports Watch,2018-01-24-181326.gpx
2018-01-21,11:46:12,Running,,10.52,01:00:59,05:48,10.35,744,153,154,,TomTom MySports Watch,2018-01-21-114612.gpx
2018-01-14,12:48:41,Running,,13.01,01:12:44,05:35,10.73,910,180,153,,TomTom MySports Watch,2018-01-14-124841.gpx
2018-01-08,18:25:42,Running,,10.64,01:03:43,05:59,10.02,769,182,140,,TomTom MySports Watch,2018-01-08-182542.gpx
2018-01-05,17:45:58,Running,,11.4,01:06:31,05:50,10.28,804,187,150,,TomTom MySports Watch,2018-01-05-174558.gpx
2018-01-02,17:41:34,Running,,11.51,01:07:45,05:53,10.2,815,190,150,,TomTom MySports Watch,2018-01-02-174134.gpx
2017-12-30,17:11:53,Running,,11.69,01:10:16,06:01,9.98,841,192,150,,TomTom MySports Watch,2017-12-30-171153.gpx
2017-12-27,18:50:24,Running,,8.29,45:56:00,05:33,10.83,622,131,147,,TomTom MySports Watch,2017-12-27-185024.gpx
2017-12-04,18:14:41,Running,,10,59:43:00,05:58,10.05,717,160,142,,TomTom MySports Watch,2017-12-04-181441.gpx
2017-11-25,12:17:22,Running,,12.85,01:10:04,05:27,11,899,176,157,,TomTom MySports Watch,2017-11-25-121722.gpx
2017-11-22,18:21:12,Running,,7.55,43:29:00,05:46,10.42,534,129,140,,TomTom MySports Watch,2017-11-22-182112.gpx
2017-11-15,18:06:19,Running,,10.42,01:03:00,06:03,9.93,748,159,139,,TomTom MySports Watch,2017-11-15-180619.gpx
2017-11-09,18:39:48,Running,,9.2,53:40:00,05:50,10.29,656,155,155,,TomTom MySports Watch,2017-11-09-183948.gpx
2017-11-05,15:48:01,Running,,12.78,01:10:36,05:31,10.86,897,172,154,,TomTom MySports Watch,2017-11-05-154801.gpx
2017-10-28,16:07:20,Running,,12.87,01:11:13,05:32,10.84,895,170,148,,TomTom MySports Watch,2017-10-28-160720.gpx
2017-10-19,18:22:10,Running,,8.85,50:41:00,05:44,10.47,624,144,140,,TomTom MySports Watch,2017-10-19-182210.gpx
2017-10-16,17:09:27,Running,,14.9,01:22:16,05:31,10.86,1045,215,146,,TomTom MySports Watch,2017-10-16-170927.gpx
2017-10-10,18:24:47,Running,,8.04,43:22:00,05:24,11.13,570,126,146,,TomTom MySports Watch,2017-10-10-182447.gpx
2017-10-07,16:29:17,Running,,18.67,01:48:11,05:48,10.36,1327,297,143,,TomTom MySports Watch,2017-10-07-162917.gpx
2017-10-01,17:55:38,Running,,12.76,01:11:15,05:35,10.74,886,174,144,,TomTom MySports Watch,2017-10-01-175538.gpx
2017-09-28,18:20:48,Running,,12.77,01:07:38,05:18,11.33,897,171,143,,TomTom MySports Watch,2017-09-28-182048.gpx
2017-09-25,18:39:09,Running,,12.75,01:06:43,05:14,11.46,896,169,148,,TomTom MySports Watch,2017-09-25-183909.gpx
2017-09-22,12:27:14,Cycling,,49.18,02:42:32,03:18,18.15,852,367,,,,2017-09-22-122714.gpx
2017-09-19,16:24:08,Running,,17.77,01:39:39,05:36,10.7,1247,257,139,,TomTom MySports Watch,2017-09-19-162408.gpx
2017-09-16,17:26:25,Running,,18.6,01:43:09,05:33,10.82,1305,313,138,,TomTom MySports Watch,2017-09-16-172625.gpx
2017-09-10,16:57:56,Running,,23.64,02:16:31,05:47,10.39,1682,394,142,,TomTom MySports Watch,2017-09-10-165756.gpx
2017-09-07,18:44:44,Running,,8.5,44:32:00,05:14,11.45,603,88,141,,TomTom MySports Watch,2017-09-07-184444.gpx
2017-09-05,18:34:21,Running,,12.77,01:06:15,05:11,11.56,896,127,152,,TomTom MySports Watch,2017-09-05-183421.gpx
2017-09-03,17:20:20,Running,,23.8,02:11:00,05:30,10.9,1669,384,151,,TomTom MySports Watch,2017-09-03-172020.gpx
2017-08-31,18:44:27,Running,,12.79,01:06:39,05:13,11.51,895,169,142,,TomTom MySports Watch,2017-08-31-184427.gpx
2017-08-29,18:36:14,Running,,12.7,01:07:42,05:20,11.25,901,127,147,,TomTom MySports Watch,2017-08-29-183614.gpx
2017-08-19,18:01:57,Running,,23.62,02:17:14,05:49,10.33,1667,377,138,,TomTom MySports Watch,2017-08-19-180157.gpx
2017-08-17,18:36:00,Cycling,,15.53,40:04:00,02:35,23.25,380,164,138,,TomTom MySports Watch,2017-08-17-183600.gpx
2017-08-16,19:00:40,Running,,12.79,01:07:40,05:17,11.34,896,170,148,,TomTom MySports Watch,2017-08-16-190040.gpx
2017-08-14,18:01:38,Running,,12.77,01:08:40,05:23,11.16,893,171,142,,TomTom MySports Watch,2017-08-14-180138.gpx
2017-08-10,18:28:54,Running,,8.43,43:48:00,05:12,11.54,596,86,147,,TomTom MySports Watch,2017-08-10-182854.gpx
2017-08-08,18:39:14,Running,,12.56,59:37:00,04:45,12.64,849,121,158,,TomTom MySports Watch,2017-08-08-183914.gpx
2017-08-05,17:14:00,Running,,18.6,01:44:22,05:37,10.69,1398,295,142,,,2017-08-05-171400.gpx
2017-08-01,18:39:42,Running,,8.4,42:50:00,05:06,11.77,589,83,156,,TomTom MySports Watch,2017-08-01-183942.gpx
2017-07-30,17:24:23,Running,,18.58,01:45:15,05:40,10.59,1312,307,145,,TomTom MySports Watch,2017-07-30-172423.gpx
2017-07-23,17:14:16,Running,,18.71,01:39:26,05:19,11.29,1308,298,144,,TomTom MySports Watch,2017-07-23-171416.gpx
2017-07-19,18:50:31,Running,,12.8,01:08:04,05:19,11.28,891,170,143,,TomTom MySports Watch,2017-07-19-185031.gpx
2017-07-16,10:34:21,Running,,18.54,01:44:22,05:38,10.66,1302,295,142,,TomTom MySports Watch,2017-07-16-103421.gpx
2017-07-10,18:26:02,Running,,12.6,01:04:42,05:08,11.68,880,124,155,,TomTom MySports Watch,2017-07-10-182602.gpx
2017-07-08,16:26:43,Running,,23.59,02:13:08,05:39,10.63,1668,390,143,,TomTom MySports Watch,2017-07-08-162643.gpx
2017-07-05,18:53:40,Running,,12.78,01:07:52,05:19,11.3,875,173,140,,TomTom MySports Watch,2017-07-05-185340.gpx
2017-07-02,18:34:53,Running,,10.25,58:05:00,05:40,10.59,714,130,138,,TomTom MySports Watch,2017-07-02-183453.gpx
2017-07-02,17:15:47,Running,,13.39,01:16:21,05:42,10.52,938,248,136,,TomTom MySports Watch,2017-07-02-171547.gpx
2017-06-28,18:24:55,Running,,12.7,01:07:16,05:18,11.33,883,171,147,,TomTom MySports Watch,2017-06-28-182455.gpx
2017-06-25,15:57:36,Running,,21.27,02:04:36,05:51,10.24,1518,340,145,,TomTom MySports Watch,2017-06-25-155736.gpx
2017-06-21,18:42:29,Running,,12.72,01:09:23,05:27,11,885,175,139,,TomTom MySports Watch,2017-06-21-184229.gpx
2017-06-17,10:13:45,Running,,14.87,01:25:46,05:46,10.41,1048,247,143,,TomTom MySports Watch,2017-06-17-101345.gpx
2017-06-15,18:54:32,Running,,12.8,01:06:15,05:10,11.59,901,128,147,,TomTom MySports Watch,2017-06-15-185432.gpx
2017-06-12,18:25:58,Running,,12.67,01:05:58,05:12,11.53,893,128,148,,TomTom MySports Watch,2017-06-12-182558.gpx
2017-06-04,16:01:52,Running,,21.02,02:02:14,05:49,10.32,1482,330,138,,TomTom MySports Watch,2017-06-04-160152.gpx
2017-06-01,19:00:16,Running,,8.65,45:28:00,05:15,11.41,612,88,143,,TomTom MySports Watch,2017-06-01-190016.gpx
2017-05-30,18:19:20,Running,,8.42,42:48:00,05:05,11.8,584,85,154,,TomTom MySports Watch,2017-05-30-181920.gpx
2017-05-28,16:42:07,Running,,21.11,01:58:50,05:38,10.66,1477,337,143,,TomTom MySports Watch,2017-05-28-164207.gpx
2017-05-24,18:23:30,Running,,12.74,01:09:47,05:29,10.95,892,171,140,,TomTom MySports Watch,2017-05-24-182330.gpx
2017-05-21,12:18:56,Running,,22.07,02:06:18,05:43,10.48,1569,354,146,,TomTom MySports Watch,2017-05-21-121856.gpx
2017-05-17,18:18:34,Running,,13.82,01:10:59,05:08,11.68,1000,128,,,,2017-05-17-181834.gpx
2017-05-15,18:25:55,Running,,16.83,01:24:48,05:02,11.91,1177,167,151,,TomTom MySports Watch,2017-05-15-182555.gpx
2017-05-10,18:40:04,Running,,8.53,43:24:00,05:05,11.79,595,87,146,,TomTom MySports Watch,2017-05-10-184004.gpx
2017-05-03,18:32:01,Running,,12.43,01:04:04,05:09,11.64,865,125,151,,TomTom MySports Watch,2017-05-03-183201.gpx
2017-05-01,17:38:35,Cycling,,20.19,54:29:00,02:42,22.24,491,204,135,,TomTom MySports Watch,2017-05-01-173835.gpx
2017-04-29,17:05:47,Running,,21.18,02:02:14,05:46,10.39,1504,343,142,,TomTom MySports Watch,2017-04-29-170547.gpx
2017-04-25,18:44:32,Running,,8.68,44:46:00,05:09,11.63,606,86,150,,TomTom MySports Watch,2017-04-25-184432.gpx
2017-04-23,11:50:12,Running,Two roads - Irpin,19.27,01:50:24,05:44,10.47,1450,305,149,,TomTom MySports Watch,2017-04-23-115012.gpx
2017-04-17,16:20:08,Running,,15,01:21:03,05:24,11.1,1060,222,147,,TomTom MySports Watch,2017-04-17-162008.gpx
2017-04-13,19:04:16,Running,,8.58,46:21:00,05:24,11.1,603,88,145,,TomTom MySports Watch,2017-04-13-190416.gpx
2017-04-10,18:46:56,Running,,12.72,01:07:05,05:16,11.38,908.9999995,122,146,,TomTom MySports Watch,2017-04-10-184656.gpx
2017-04-06,19:07:46,Running,,8.65,42:24:00,04:54,12.25,594.9999997,87,156,,TomTom MySports Watch,2017-04-06-190746.gpx
2017-04-04,18:31:11,Running,,8.61,45:58:00,05:20,11.24,612.9999996,89,143,,TomTom MySports Watch,2017-04-04-183111.gpx
2017-04-01,16:56:53,Running,,13.53,01:14:46,05:32,10.86,955.9999994,196,146,,TomTom MySports Watch,2017-04-01-165653.gpx
2017-03-30,19:06:29,Running,,8.48,46:53:00,05:32,10.85,606.9999997,90,143,,TomTom MySports Watch,2017-03-30-190629.gpx
2017-03-28,19:13:23,Running,,8.65,45:24:00,05:15,11.43,611.9999996,88,152,,TomTom MySports Watch,2017-03-28-191323.gpx
2017-03-26,17:10:40,Running,,14.62,01:21:54,05:36,10.71,1062,149,,,,2017-03-26-171040.gpx
2017-03-20,18:44:13,Running,,14.42,01:18:40,05:27,11,1017.999999,99,148,,TomTom MySports Watch,2017-03-20-184413.gpx
2017-03-16,18:21:05,Running,,6.8,36:18:00,05:20,11.24,489.9999997,67,151,,TomTom MySports Watch,2017-03-16-182105.gpx
2017-03-13,18:34:11,Running,,12.06,01:07:14,05:34,10.77,839.9999995,113,143,,TomTom MySports Watch,2017-03-13-183411.gpx
2017-03-09,18:20:43,Running,,9.52,54:28:00,05:43,10.49,675.9999996,81,139,,TomTom MySports Watch,2017-03-09-182043.gpx
2017-02-27,18:57:30,Running,,11.02,59:26:00,05:24,11.12,790.9999995,102,150,,TomTom MySports Watch,2017-02-27-185730.gpx
2017-02-23,18:39:15,Running,,8.8,50:57:00,05:47,10.37,617.9999996,85,139,,TomTom MySports Watch,2017-02-23-183915.gpx
2017-02-21,19:16:07,Running,,7.4,41:20:00,05:35,10.75,521.9999997,82,140,,TomTom MySports Watch,2017-02-21-191607.gpx
2017-02-13,18:42:55,Running,,9.78,56:19:00,05:45,10.42,691.9999996,78,146,,TomTom MySports Watch,2017-02-13-184255.gpx
2017-02-06,18:45:01,Running,,9.79,58:23:00,05:58,10.07,716.9999996,76,145,,TomTom MySports Watch,2017-02-06-184501.gpx
2017-01-30,18:43:33,Running,,6.98,37:28:00,05:22,11.18,496.9999997,66,143,,TomTom MySports Watch,2017-01-30-184333.gpx
2017-01-26,18:47:36,Running,,8.3,44:30:00,05:22,11.19,585.9999997,74,144,,TomTom MySports Watch,2017-01-26-184736.gpx
2017-01-23,18:39:10,Running,,11.98,01:07:49,05:40,10.6,849.9999995,100,150,,TomTom MySports Watch,2017-01-23-183910.gpx
2017-01-19,18:10:00,Running,,7.43,41:36:00,05:36,10.72,517.9999997,51,132,,TomTom MySports Watch,2017-01-19-181000.gpx
2017-01-16,18:04:30,Running,,12.15,01:08:32,05:38,10.64,849.9999995,99,143,,TomTom MySports Watch,2017-01-16-180430.gpx
2017-01-12,18:19:37,Running,,12,01:08:08,05:41,10.57,859.9999995,100,148,,TomTom MySports Watch,2017-01-12-181937.gpx
2017-01-05,18:15:10,Running,,7.02,39:42:00,05:39,10.61,492.9999997,68,143,,TomTom MySports Watch,2017-01-05-181510.gpx
2017-01-03,18:26:07,Running,,10.05,57:27:00,05:43,10.49,699.9999996,93,143,,TomTom MySports Watch,2017-01-03-182607.gpx
2016-12-29,19:08:37,Running,,7,39:48:00,05:41,10.55,490.9999997,67,113,,TomTom MySports Watch,2016-12-29-190837.gpx
2016-12-26,18:37:08,Running,,6.92,39:42:00,05:44,10.45,478.9999997,67,139,,TomTom MySports Watch,2016-12-26-183708.gpx
2016-12-22,18:43:38,Running,,6.9,38:28:00,05:35,10.76,481.9999997,64,137,,TomTom MySports Watch,2016-12-22-184338.gpx
2016-12-15,18:53:07,Running,,6.85,37:44:00,05:30,10.9,486.9999997,67,140,,TomTom MySports Watch,2016-12-15-185307.gpx
2016-12-06,18:36:37,Running,,6.99,41:34:00,05:57,10.08,499.9999997,49,139,,TomTom MySports Watch,2016-12-06-183637.gpx
2016-12-01,18:39:39,Running,,6.96,39:33:00,05:41,10.56,478.9999997,66,126,,TomTom MySports Watch,2016-12-01-183939.gpx
2016-11-28,18:46:07,Running,,10.13,57:41:00,05:42,10.54,708.9999996,95,144,,TomTom MySports Watch,2016-11-28-184607.gpx
2016-11-24,18:50:24,Running,,6.73,36:01:00,05:21,11.21,470.9999997,65,163,,TomTom MySports Watch,2016-11-24-185024.gpx
2016-11-21,18:57:32,Running,,10.05,56:45:00,05:39,10.63,703.9999996,96,146,,TomTom MySports Watch,2016-11-21-185732.gpx
2016-11-17,18:52:21,Running,,6.95,40:32:00,05:50,10.28,493.9999997,67,161,,TomTom MySports Watch,2016-11-17-185221.gpx
2016-11-15,18:27:55,Running,,6.94,40:44:00,05:52,10.22,491.9999997,66,134,,TomTom MySports Watch,2016-11-15-182755.gpx
2016-11-10,18:31:03,Running,,6.83,40:03:00,05:52,10.22,483.9999997,67,134,,TomTom MySports Watch,2016-11-10-183103.gpx
2016-11-03,18:17:35,Running,,6.77,37:58:00,05:37,10.7,482.9999997,64,142,,TomTom MySports Watch,2016-11-03-181735.gpx
2016-10-31,19:34:32,Running,,10.15,56:36:00,05:35,10.76,700.9999996,109,132,,TomTom MySports Watch,2016-10-31-193432.gpx
2016-10-27,19:17:55,Running,,6.84,34:57:00,05:06,11.75,477.9999997,75,146,,TomTom MySports Watch,2016-10-27-191755.gpx
2016-10-24,18:38:31,Running,,10.15,58:25:00,05:45,10.42,703.9999996,92,139,,TomTom MySports Watch,2016-10-24-183831.gpx
2016-10-20,18:57:48,Running,,10.19,56:25:00,05:32,10.83,715.9999996,89,148,,TomTom MySports Watch,2016-10-20-185748.gpx
2016-10-17,18:39:56,Running,,10.02,55:56:00,05:35,10.75,712.9999996,92,136,,TomTom MySports Watch,2016-10-17-183956.gpx
2016-10-15,17:14:34,Running,,13.49,01:14:11,05:30,10.91,942.9999995,182,143,,TomTom MySports Watch,2016-10-15-171434.gpx
2016-10-12,17:50:31,Running,,9.77,52:12:00,05:21,11.22,700,57,,,,2016-10-12-175031.gpx
2016-10-03,11:47:16,Cycling,,23.62,01:12:42,03:05,19.5,606,301,126,,TomTom MySports Watch,2016-10-03-114716.gpx
2016-10-02,16:36:05,Running,,13.43,01:12:20,05:23,11.14,945.9999995,184,141,,TomTom MySports Watch,2016-10-02-163605.gpx
2016-09-27,18:11:27,Running,,6.88,32:47:00,04:46,12.59,496,49,,,,2016-09-27-181127.gpx
2016-09-24,16:39:37,Running,,19.41,01:46:24,05:29,10.95,1344.999999,320,140,,TomTom MySports Watch,2016-09-24-163937.gpx
2016-09-22,18:52:22,Running,,6.96,37:14:00,05:21,11.22,493.9999997,63,135,,TomTom MySports Watch,2016-09-22-185222.gpx
2016-09-20,18:42:40,Running,,10.03,53:21:00,05:19,11.28,712.9999996,89,139,,TomTom MySports Watch,2016-09-20-184240.gpx
2016-09-15,18:38:53,Running,,10,47:55:00,04:47,12.52,673.9999996,91,150,,TomTom MySports Watch,2016-09-15-183853.gpx
2016-09-12,18:23:04,Running,,13.08,01:10:33,05:24,11.12,916.9999995,116,141,,TomTom MySports Watch,2016-09-12-182304.gpx
2016-09-10,17:13:51,Cycling,,13.11,32:47:00,02:30,23.99,328,163,136,,TomTom MySports Watch,2016-09-10-171351.gpx
2016-09-08,18:19:56,Running,,13.12,01:04:40,04:56,12.17,905.9999995,110,154,,TomTom MySports Watch,2016-09-08-181956.gpx
2016-09-04,17:08:28,Cycling,,13.64,40:43:00,02:59,20.09,342,184,134,,TomTom MySports Watch,2016-09-04-170828.gpx
2016-09-03,17:28:11,Running,,13.5,01:17:44,05:46,10.42,948.9999995,184,138,,TomTom MySports Watch,2016-09-03-172811.gpx
2016-08-31,18:33:50,Running,,13.06,01:04:09,04:55,12.22,898.9999995,107,152,,TomTom MySports Watch,2016-08-31-183350.gpx
2016-08-28,18:00:16,Running,,12.05,01:07:14,05:35,10.76,834.9999995,172,143,,TomTom MySports Watch,2016-08-28-180016.gpx
2016-08-27,17:08:38,Cycling,,24.67,01:08:53,02:48,21.49,623,307,134,,TomTom MySports Watch,2016-08-27-170838.gpx
2016-08-24,17:26:00,Running,,13.25,01:11:57,05:26,11.05,897.9999995,181,141,,TomTom MySports Watch,2016-08-24-172600.gpx
2016-08-22,18:14:48,Running,,10.06,51:20:00,05:06,11.76,716,58,,,,2016-08-22-181448.gpx
2016-08-20,15:43:49,Cycling,,31.48,01:29:50,02:51,21.03,740,553,138,,TomTom MySports Watch,2016-08-20-154349.gpx
2016-08-19,16:57:41,Running,,13.43,01:14:24,05:32,10.83,904.9999995,185,150,,TomTom MySports Watch,2016-08-19-165741.gpx
2016-08-17,17:17:09,Cycling,,21.82,01:22:34,03:47,15.86,533,316,122,,TomTom MySports Watch,2016-08-17-171709.gpx
2016-08-14,12:32:07,Running,,21.16,02:04:44,05:54,10.18,1469.999999,351,149,,TomTom MySports Watch,2016-08-14-123207.gpx
2016-08-01,17:40:40,Running,,14.32,01:20:36,05:38,10.66,997.9999994,213,151,,TomTom MySports Watch,2016-08-01-174040.gpx
2016-07-24,17:13:38,Running,,20.81,02:03:35,05:56,10.11,1435.999999,367,144,,TomTom MySports Watch,2016-07-24-171338.gpx
2016-07-18,18:28:47,Running,,10.01,50:49:00,05:05,11.82,682.9999996,92,151,,TomTom MySports Watch,2016-07-18-182847.gpx
2016-07-16,17:27:12,Running,,22.06,02:08:28,05:49,10.3,1524.999999,354,143,,TomTom MySports Watch,2016-07-16-172712.gpx
2016-07-12,18:20:28,Running,,9.71,50:45:00,05:14,11.47,696,52,,,,2016-07-12-182028.gpx
2016-07-10,16:35:25,Running,,19.27,01:49:48,05:42,10.53,1323.999999,319,142,,TomTom MySports Watch,2016-07-10-163525.gpx
2016-07-04,18:24:46,Running,,16.46,01:28:53,05:24,11.11,1139.999999,146,144,,TomTom MySports Watch,2016-07-04-182446.gpx
2016-07-02,17:52:07,Running,,13.55,01:18:01,05:46,10.42,933.9999995,189,137,,TomTom MySports Watch,2016-07-02-175207.gpx
2016-06-27,18:40:44,Running,,13.28,01:12:43,05:29,10.96,903.9999995,180,146,,TomTom MySports Watch,2016-06-27-184044.gpx
2016-06-25,17:02:44,Running,,13.22,01:16:38,05:48,10.35,917.9999995,226,142,,TomTom MySports Watch,2016-06-25-170244.gpx
2016-06-23,18:29:58,Running,,10.02,51:35:00,05:09,11.65,719,60,,,"Very hot, up to 30+
",2016-06-23-182958.gpx
2016-06-19,17:04:31,Running,,18.59,01:49:24,05:53,10.19,1283.999999,295,142,,TomTom MySports Watch,2016-06-19-170431.gpx
2016-06-14,18:40:51,Running,,13.21,01:08:35,05:11,11.56,904.9999995,119,155,,TomTom MySports Watch,2016-06-14-184051.gpx
2016-06-12,12:07:08,Running,,19.89,01:45:59,05:20,11.26,1452,202,,,,2016-06-12-120708.gpx
2016-06-05,17:10:29,Running,,15.52,01:30:35,05:50,10.28,1073.999999,254,142,,TomTom MySports Watch,2016-06-05-171029.gpx
2016-06-02,18:43:44,Running,,13.24,01:09:06,05:13,11.5,910.9999995,117,145,,TomTom MySports Watch,2016-06-02-184344.gpx
2016-05-30,18:51:32,Running,,10.03,52:02:00,05:11,11.57,685.9999996,91,145,,TomTom MySports Watch,2016-05-30-185132.gpx
2016-05-26,18:30:37,Running,,12.88,01:08:16,05:18,11.32,892.9999995,145,149,,TomTom MySports Watch,2016-05-26-183037.gpx
2016-05-23,18:26:58,Running,,10.02,51:25:00,05:08,11.68,720,64,,,,2016-05-23-182658.gpx
2016-05-22,15:31:06,Cycling,,39.62,01:48:59,02:45,21.81,877,319,,,,2016-05-22-153106.gpx
2016-05-19,18:54:07,Running,,10.14,55:00:00,05:26,11.06,701.9999996,99,145,,TomTom MySports Watch,2016-05-19-185407.gpx
2016-05-09,16:46:49,Running,,13.5,01:15:04,05:34,10.79,920.9999995,181,147,,TomTom MySports Watch,2016-05-09-164649.gpx
2016-04-24,17:16:01,Running,,12.85,01:16:56,05:59,10.02,902.9999995,185,142,,TomTom MySports Watch,2016-04-24-171601.gpx
2016-04-17,16:20:56,Running,,13.47,01:17:55,05:47,10.37,927.9999995,180,140,,TomTom MySports Watch,2016-04-17-162056.gpx
2016-04-11,18:25:11,Running,,8.88,47:00:00,05:17,11.34,615.9999996,83,143,,TomTom MySports Watch,2016-04-11-182511.gpx
2016-04-07,18:50:38,Running,,10,51:15:00,05:07,11.71,684.9999996,92,145,,TomTom MySports Watch,2016-04-07-185038.gpx
2016-04-03,16:27:37,Running,,10.3,58:59:00,05:44,10.47,705.9999996,143,142,,TomTom MySports Watch,2016-04-03-162737.gpx
2016-03-28,16:12:15,Running,,15.62,01:32:26,05:55,10.14,1084.999999,258,145,,TomTom MySports Watch,2016-03-28-161215.gpx
2016-03-21,18:51:35,Running,,9.1,51:25:00,05:39,10.62,625.9999996,85,142,,TomTom MySports Watch,2016-03-21-185135.gpx
2016-03-13,13:02:38,Running,,7.19,43:26:00,06:03,9.93,511.9999997,111,136,,TomTom MySports Watch,2016-03-13-130238.gpx
2016-03-07,13:23:44,Running,,13.69,01:20:39,05:54,10.18,995,141,,,,2016-03-07-132344.gpx
2016-02-28,13:37:46,Running,,13.48,01:19:28,05:54,10.18,941.9999995,183,144,,TomTom MySports Watch,2016-02-28-133746.gpx
2016-02-21,15:48:48,Running,,13.69,01:22:23,06:01,9.97,997,144,,,"Cold and windy
",2016-02-21-154848.gpx
2016-02-18,19:09:01,Running,,6.92,39:25:00,05:42,10.54,472.9999997,67,141,,TomTom MySports Watch,2016-02-18-190901.gpx
2016-02-15,18:37:04,Running,,10.02,01:00:08,06:00,10,702.9999996,92,157,,TomTom MySports Watch,2016-02-15-183704.gpx
2016-02-08,18:09:03,Running,,6.81,41:18:00,06:04,9.89,488.9999997,68,165,,TomTom MySports Watch,2016-02-08-180903.gpx
2016-02-04,18:46:32,Running,,6.84,40:02:00,05:51,10.25,477.9999997,67,139,,TomTom MySports Watch,2016-02-04-184632.gpx
2016-01-14,18:40:08,Running,,7,41:18:00,05:54,10.17,486.9999997,70,142,,TomTom MySports Watch,2016-01-14-184008.gpx
2015-12-27,13:14:59,Running,,13.53,01:16:48,05:41,10.57,921.9999995,185,152,,TomTom MySports Watch,2015-12-27-131459.gpx
2015-12-23,18:45:03,Running,,10.12,59:02:00,05:50,10.29,692.9999996,95,158,,TomTom MySports Watch,2015-12-23-184503.gpx
2015-12-21,18:31:25,Running,,10.02,57:55:00,05:47,10.38,686.9999996,91,138,,TomTom MySports Watch,2015-12-21-183125.gpx
2015-12-06,12:54:29,Running,,13.77,01:18:04,05:40,10.58,1009,146,,,,2015-12-06-125429.gpx
2015-11-17,18:37:11,Running,,10,58:32:00,05:51,10.25,687.9999996,93,140,,TomTom MySports Watch,2015-11-17-183711.gpx
2015-11-09,18:21:31,Running,,9.72,55:01:00,05:40,10.6,658.9999996,89,131,,TomTom MySports Watch,2015-11-09-182131.gpx
2015-11-02,18:23:37,Running,,6.6,36:15:00,05:30,10.92,455.9999997,62,145,,TomTom MySports Watch,2015-11-02-182337.gpx
2015-10-18,15:43:06,Cycling,,16.67,01:08:46,04:08,14.54,427,166,,,,2015-10-18-154306.gpx
2015-10-04,10:15:57,Running,,38.32,04:28:19,07:00,8.57,2587.999999,646,140,,TomTom MySports Watch,2015-10-04-101557.gpx
2015-09-28,18:21:21,Running,,18.94,01:44:26,05:31,10.88,1300.999999,158,138,,TomTom MySports Watch,2015-09-28-182121.gpx
2015-09-24,18:28:14,Running,,9.43,51:16:00,05:26,11.03,649.9999996,77,138,,TomTom MySports Watch,2015-09-24-182814.gpx
2015-09-21,18:13:10,Running,,9.65,46:56:00,04:52,12.33,635.9999996,83,153,,TomTom MySports Watch,2015-09-21-181310.gpx
2015-09-18,18:39:38,Running,,22.15,02:01:30,05:29,10.94,1543.999999,182,149,,TomTom MySports Watch,2015-09-18-183938.gpx
2015-09-16,17:59:37,Running,,19.35,01:46:38,05:31,10.89,1299.999999,303,146,,TomTom MySports Watch,2015-09-16-175937.gpx
2015-09-13,17:14:13,Running,,23.95,02:23:03,05:58,10.04,1657.999999,390,140,,TomTom MySports Watch,2015-09-13-171413.gpx
2015-09-09,18:37:26,Running,,15.88,01:24:05,05:18,11.33,1101.999999,132,145,,TomTom MySports Watch,2015-09-09-183726.gpx
2015-09-07,18:47:06,Running,,15.62,01:22:49,05:18,11.32,1069.999999,241,144,,TomTom MySports Watch,2015-09-07-184706.gpx
2015-09-03,18:49:40,Running,,9.55,53:21:00,05:35,10.74,653.9999996,85,127,,TomTom MySports Watch,2015-09-03-184940.gpx
2015-08-24,17:21:48,Running,,28.14,02:46:07,05:54,10.17,1971.999999,518,138,,TomTom MySports Watch,2015-08-24-172148.gpx
2015-08-23,17:35:47,Cycling,,35.09,01:32:58,02:39,22.64,786,336,,,,2015-08-23-173547.gpx
2015-08-21,18:18:37,Running,,12.48,01:08:30,05:29,10.93,853.9999995,102,151,,TomTom MySports Watch,2015-08-21-181837.gpx
2015-08-16,17:35:23,Running,,26.01,02:33:13,05:54,10.18,1793.999999,436,136,,TomTom MySports Watch,2015-08-16-173523.gpx
2015-08-15,18:46:21,Cycling,,13.72,38:39:00,02:49,21.3,313,139,,,,2015-08-15-184621.gpx
2015-08-14,17:44:35,Running,,19.04,01:52:10,05:54,10.18,1315.999999,301,130,,TomTom MySports Watch,2015-08-14-174435.gpx
2015-08-09,16:29:48,Running,,18.58,01:48:49,05:51,10.25,1278.999999,285,138,,TomTom MySports Watch,2015-08-09-162948.gpx
2015-08-03,18:30:49,Running,,18.95,01:38:16,05:11,11.57,1298.999999,156,149,,TomTom MySports Watch,2015-08-03-183049.gpx
2015-08-01,18:40:14,Cycling,,18.79,56:41:00,03:01,19.88,430,195,,,,2015-08-01-184014.gpx
2015-07-29,18:14:34,Running,,0.76,05:15,06:55,8.67,53.99999997,6,133,,TomTom MySports Watch,2015-07-29-181434.gpx
2015-07-26,08:02:36,Running,,22.09,02:16:22,06:10,9.72,1557,372,142,,,2015-07-26-080236.gpx
2015-07-24,18:49:43,Running,,12.69,01:05:15,05:09,11.67,858,108,146,,,2015-07-24-184943.gpx
2015-07-21,18:22:38,Running,,12.66,01:08:07,05:23,11.15,867.9999995,109,138,,TomTom MySports Watch,2015-07-21-182238.gpx
2015-07-19,17:19:38,Running,,23.88,02:27:32,06:11,9.71,1688,391,135,,,2015-07-19-171938.gpx
2015-07-16,18:32:18,Running,,9.57,45:28:00,04:45,12.63,628,77,148,,,2015-07-16-183218.gpx
2015-07-14,18:39:53,Running,,12.66,01:04:46,05:07,11.73,852,108,145,,,2015-07-14-183953.gpx
2015-07-12,18:14:14,Running,,19.04,01:51:58,05:53,10.2,1316,295,133,,,2015-07-12-181414.gpx
2015-07-10,18:35:16,Running,,19.02,01:34:06,04:57,12.13,1279,156,144,,,2015-07-10-183516.gpx
2015-07-07,18:39:38,Running,,9.55,48:59:00,05:08,11.7,650,88,143,,,2015-07-07-183938.gpx
2015-07-05,17:53:06,Running,,19.7,01:52:23,05:42,10.52,1358,303,142,,,2015-07-05-175306.gpx
2015-07-01,18:16:02,Running,,18.83,01:34:34,05:01,11.95,1268,154,142,,,2015-07-01-181602.gpx
2015-06-28,17:39:02,Running,,19.81,01:55:57,05:51,10.25,1360,313,133,,,2015-06-28-173902.gpx
2015-06-24,18:27:23,Running,,11.14,01:03:45,05:43,10.49,766,162,133,,,2015-06-24-182723.gpx
2015-06-22,18:19:53,Running,,18.84,01:41:17,05:22,11.16,1294,156,141,,,2015-06-22-181953.gpx
2015-06-21,17:53:46,Cycling,,34.49,01:35:39,02:46,21.63,751,318,,,,2015-06-21-175346.gpx
2015-06-17,18:39:44,Running,,12.61,01:07:45,05:22,11.17,859,109,137,,,2015-06-17-183944.gpx
2015-06-15,18:27:00,Running,,12.64,01:02:17,04:56,12.18,926,107,158,,,2015-06-15-182700.gpx
2015-06-14,17:03:23,Cycling,,28.49,01:20:47,02:50,21.16,621,294,,,,2015-06-14-170323.gpx
2015-06-12,18:27:52,Running,,12.63,01:02:18,04:56,12.16,855,107,154,,,2015-06-12-182752.gpx
2015-06-10,18:14:03,Running,,14.35,01:21:05,05:39,10.62,986,226,136,,,2015-06-10-181403.gpx
2015-06-08,18:18:18,Running,,9.6,44:45:00,04:40,12.88,626,85,161,,,2015-06-08-181818.gpx
2015-06-07,16:51:14,Running,,13.01,01:13:07,05:37,10.68,876,193,147,,,2015-06-07-165114.gpx
2015-06-06,18:30:39,Cycling,,18.96,01:19:02,04:10,14.39,510,123,,,,2015-06-06-183039.gpx
2015-06-04,18:15:45,Running,,15.97,01:23:18,05:13,11.5,1097,135,141,,,2015-06-04-181545.gpx
2015-06-01,17:40:42,Running,,11.85,01:04:46,05:28,10.98,810,180,145,,,2015-06-01-174042.gpx
2015-05-31,04:02:00,Cycling,,29.4,02:35:00,05:16,11.38,710,58,,,,2015-05-31-040200.gpx
2015-05-29,18:45:22,Running,,9.73,46:22:00,04:46,12.59,636,84,150,,,2015-05-29-184522.gpx
2015-05-27,18:19:22,Running,,12.8,01:03:46,04:59,12.05,859,108,150,,,2015-05-27-181922.gpx
2015-05-23,19:07:40,Cycling,,13.65,43:06:00,03:09,19,332,144,124,,,2015-05-23-190740.gpx
2015-05-21,18:45:51,Running,,9.54,45:19:00,04:45,12.64,624,82,147,,,2015-05-21-184551.gpx
2015-05-19,18:48:36,Running,,12.73,01:02:30,04:55,12.22,859,109,134,,,2015-05-19-184836.gpx
2015-05-17,17:33:15,Running,,9.64,48:27:00,05:02,11.94,642,85,150,,,2015-05-17-173315.gpx
2015-05-13,18:39:34,Running,,12.71,01:09:15,05:27,11.01,875,108,158,,,2015-05-13-183934.gpx
2015-05-11,18:39:02,Running,,9.61,48:38:00,05:04,11.86,653,91,158,,,2015-05-11-183902.gpx
2015-05-06,18:18:49,Running,,12.83,01:07:10,05:14,11.46,880,107,142,,,2015-05-06-181849.gpx
2015-05-02,18:48:03,Running,,7.39,43:11:00,05:50,10.27,509,162,165,,,2015-05-02-184803.gpx
2015-05-01,18:05:38,Cycling,,11.41,42:39:00,03:44,16.06,282,132,125,,,2015-05-01-180538.gpx
2015-04-26,09:03:15,Running,,21.12,01:38:42,04:40,12.84,1381,982,170,,,2015-04-26-090315.gpx
2015-04-23,18:48:37,Running,,6.87,37:32:00,05:28,10.97,493,81,,,,2015-04-23-184837.gpx
2015-04-15,18:38:43,Running,,12.68,01:05:47,05:11,11.56,869,110,141,,,2015-04-15-183843.gpx
2015-04-13,16:57:26,Running,,18.06,01:53:38,06:17,9.54,1240,228,140,,,2015-04-13-165726.gpx
2015-04-07,18:33:21,Running,,15.79,01:22:37,05:14,11.46,1090,135,152,,,2015-04-07-183321.gpx
2015-04-02,18:50:23,Running,,12.83,01:06:28,05:11,11.58,873,106,146,,,2015-04-02-185023.gpx
2015-03-30,18:10:03,Running,,5.73,30:12:00,05:17,11.37,395,50,123,,,2015-03-30-181003.gpx
2015-03-25,18:40:19,Running,,9.73,55:12:00,05:40,10.58,660,84,131,,,2015-03-25-184019.gpx
2015-03-16,18:23:38,Running,,16.15,01:26:37,05:22,11.19,1118,133,131,,,2015-03-16-182338.gpx
2015-03-11,18:21:26,Running,,15.91,01:28:23,05:33,10.8,1082,136,140,,,2015-03-11-182126.gpx
2015-03-06,18:44:58,Running,,12.81,01:06:04,05:09,11.63,868,106,172,,,2015-03-06-184458.gpx
2015-03-04,19:00:17,Running,,10.25,58:27:00,05:42,10.52,691,90,125,,,2015-03-04-190017.gpx
2015-03-02,18:15:36,Running,,15.99,01:31:46,05:44,10.46,1079,128,154,,,2015-03-02-181536.gpx
2015-02-28,09:11:09,Running,,3.5,20:19,05:48,10.34,238,33,116,,,2015-02-28-091109.gpx
2015-02-25,18:18:41,Running,,9.78,54:08:00,05:32,10.84,661,87,144,,,2015-02-25-181841.gpx
2015-02-23,18:14:09,Running,,12.84,01:10:50,05:31,10.88,883,105,141,,,2015-02-23-181409.gpx
2015-02-17,18:34:53,Running,,9.86,55:53:00,05:40,10.58,707,60,,,,2015-02-17-183453.gpx
2015-02-12,18:22:44,Running,,6.75,36:25:00,05:24,11.12,485,42,,,,2015-02-12-182244.gpx
2015-02-09,18:40:18,Running,,9.94,55:22:00,05:34,10.77,723.2083999,61,,,,2015-02-09-184018.gpx
2015-02-04,18:31:10,Running,,10.23,55:10:00,05:24,11.12,652,59,,,,2015-02-04-183110.gpx
2015-02-02,18:31:00,Running,,9.91,58:57:00,05:57,10.08,725.2215765,259,,,,2015-02-02-183100.gpx
2015-01-31,09:30:04,Running,,6.55,40:01:00,06:06,9.83,436,37,,,,2015-01-31-093004.gpx
2015-01-28,18:43:29,Running,,10.02,55:13:00,05:31,10.89,726.1767039,61,,,,2015-01-28-184329.gpx
2015-01-26,18:30:18,Running,,13.11,01:14:30,05:41,10.55,960.6966401,76,,,,2015-01-26-183018.gpx
2015-01-14,17:50:00,Running,,9.78,52:45:00,05:24,11.12,654,51,,,,2015-01-14-175000.gpx
2015-01-12,18:20:00,Running,,9.78,51:45:00,05:18,11.34,655,51,,,,2015-01-12-182000.gpx
2015-01-03,17:20:00,Running,,9.78,52:45:00,05:24,11.12,654,51,,,,2015-01-03-172000.gpx
2014-12-26,17:50:00,Running,,9.78,49:45:00,05:05,11.79,655,51,,,,2014-12-26-175000.gpx
2014-12-24,18:18:00,Running,,6.59,32:00:00,04:51,12.35,461,33,,,,2014-12-24-181800.gpx
2014-12-08,16:18:00,Running,,6.63,32:00:00,04:49,12.44,431,33,,,,2014-12-08-161800.gpx
2014-12-03,18:18:00,Running,,6.63,32:00:00,04:49,12.44,431,33,,,,2014-12-03-181800.gpx
2014-12-01,18:18:00,Running,,6.63,32:00:00,04:49,12.44,429,33,,,,2014-12-01-181800.gpx
2014-11-25,17:50:00,Running,,9.78,51:45:00,05:18,11.34,655,51,,,,2014-11-25-175000.gpx
2014-11-19,18:18:00,Running,,6.22,31:00:00,04:59,12.03,446,33,,,,2014-11-19-181800.gpx
2014-11-11,15:50:00,Running,,9.78,49:45:00,05:05,11.79,655,51,,,,2014-11-11-155000.gpx
2014-11-04,18:18:00,Running,,6.22,32:00:00,05:09,11.66,445,33,,,,2014-11-04-181800.gpx
2014-10-30,17:50:00,Running,,9.78,49:45:00,05:05,11.79,658,51,,,,2014-10-30-175000.gpx
2014-10-27,18:30:00,Running,,12.98,01:05:45,05:04,11.85,888,67,,,,2014-10-27-183000.gpx
2014-10-22,17:50:00,Running,,9.61,49:45:00,05:10,11.59,670,54,,,,2014-10-22-175000.gpx
2014-10-20,18:10:00,Running,,9.61,51:17:00,05:20,11.25,672,54,,,,2014-10-20-181000.gpx
2014-10-14,18:10:00,Running,,12.82,01:02:45,04:54,12.26,913,70,,,,2014-10-14-181000.gpx
2014-10-09,18:10:00,Running,,9.61,52:17:00,05:26,11.03,677,54,,,,2014-10-09-181000.gpx
2014-10-07,19:10:00,Running,,9.61,49:17:00,05:08,11.7,679,54,,,,2014-10-07-191000.gpx
2014-09-28,10:01:30,Running,,21.32,01:45:27,04:57,12.13,1633,447,,,,2014-09-28-100130.gpx
2014-09-23,18:10:00,Running,,12.82,01:02:45,04:54,12.26,921,70,,,,2014-09-23-181000.gpx
2014-09-18,18:12:00,Running,,19.19,01:42:03,05:19,11.29,1353,111,,,,2014-09-18-181200.gpx
2014-09-15,18:30:00,Running,,9.55,48:54:00,05:07,11.72,684,51,,,,2014-09-15-183000.gpx
2014-09-11,19:10:00,Running,,9.61,48:22:00,05:02,11.93,682,54,,,,2014-09-11-191000.gpx
2014-09-08,18:00:00,Running,,19.19,01:42:03,05:19,11.29,1356,111,,,,2014-09-08-180000.gpx
2014-09-04,18:55:54,Running,,9.61,50:22:00,05:14,11.45,690,54,,,,2014-09-04-185554.gpx
2014-09-01,18:46:00,Running,,15.59,01:23:41,05:22,11.18,1125,110,,,,2014-09-01-184600.gpx
2014-08-29,18:56:02,Cycling,,20.7,01:00:37,02:56,20.49,519,113,,,,2014-08-29-185602.gpx
2014-08-28,18:10:00,Running,,12.82,01:05:45,05:08,11.7,920,70,,,,2014-08-28-181000.gpx
2014-08-26,18:16:03,Running,,16.06,01:21:39,05:05,11.8,1151,89,,,,2014-08-26-181603.gpx
2014-08-21,18:49:00,Running,,9.55,53:54:00,05:39,10.63,684,51,,,,2014-08-21-184900.gpx
2014-08-18,18:37:00,Running,,12.82,01:05:44,05:08,11.7,920,70,,,,2014-08-18-183700.gpx
2014-08-12,18:50:00,Running,,9.55,53:54:00,05:39,10.63,684,51,,,HOT!,2014-08-12-185000.gpx
2014-08-08,08:00:16,Running,,9.82,50:20:00,05:08,11.7,703,62,,,,2014-08-08-080016.gpx
2014-07-25,18:35:00,Running,,13.17,01:05:08,04:57,12.13,925,83,,,,2014-07-25-183500.gpx
2014-07-22,18:08:00,Running,,12.75,59:41:00,04:41,12.81,889,71,,,,2014-07-22-180800.gpx
2014-07-17,18:30:00,Running,,9.55,53:54:00,05:39,10.63,684,51,,,"It was not easy, as it was +29 Celcius",2014-07-17-183000.gpx
2014-07-10,18:45:00,Running,,12.75,01:00:41,04:46,12.6,884,71,,,"It was raining heavily, which was absolute fun to run that distance",2014-07-10-184500.gpx
2014-07-02,18:31:00,Running,,12.75,01:02:41,04:55,12.2,888,71,,,,2014-07-02-183100.gpx
2014-06-24,18:12:00,Running,,16.21,01:21:46,05:03,11.89,1145,85,,,,2014-06-24-181200.gpx
2014-06-18,18:29:00,Running,,16.21,01:21:46,05:03,11.89,1145,85,,,,2014-06-18-182900.gpx
2014-06-11,18:08:00,Running,,12.75,01:02:41,04:55,12.2,895,71,,,,2014-06-11-180800.gpx
2014-06-04,18:07:39,Running,,16.17,01:20:57,05:00,11.98,1146,93,,,,2014-06-04-180739.gpx
2014-05-26,18:30:00,Running,,9.55,53:54:00,05:39,10.63,684,51,,,,2014-05-26-183000.gpx
2014-05-21,18:45:00,Running,,12.75,01:01:41,04:50,12.4,893,71,,,,2014-05-21-184500.gpx
2014-05-19,18:15:00,Running,,12.75,01:03:01,04:57,12.14,895,71,,,,2014-05-19-181500.gpx
2014-05-17,07:50:00,Running,,6.56,35:23:00,05:24,11.12,470,36,,,,2014-05-17-075000.gpx
2014-05-14,18:09:11,Running,,13.17,01:05:08,04:57,12.13,930,84,,,,2014-05-14-180911.gpx
2014-05-12,18:06:22,Running,,12.63,01:01:22,04:51,12.35,906,69,,,,2014-05-12-180622.gpx
2014-05-06,18:32:00,Running,,12.85,01:05:41,05:07,11.74,903,71,,,,2014-05-06-183200.gpx
2014-05-02,18:47:02,Running,,7.08,37:56:00,05:21,11.2,537,127,,,,2014-05-02-184702.gpx
2014-04-27,10:00:00,Running,,21.73,01:46:38,04:54,12.23,1543,22,,,,2014-04-27-100000.gpx
2014-04-21,19:08:29,Running,,12.75,59:41:00,04:41,12.81,908,71,,,,2014-04-21-190829.gpx
2014-04-16,18:22:23,Running,,19.08,01:35:03,04:59,12.04,1361,111,,,,2014-04-16-182223.gpx
2014-04-14,18:19:40,Running,,12.83,01:04:32,05:02,11.92,891,71,,,,2014-04-14-181940.gpx
2014-04-09,18:29:04,Running,,16.21,01:21:45,05:03,11.9,1145,85,,,,2014-04-09-182904.gpx
2014-04-07,18:28:42,Running,,12.57,01:04:09,05:06,11.75,901,73,,,,2014-04-07-182842.gpx
2014-04-02,18:30:00,Running,,12.47,01:04:33,05:11,11.59,895,69,,,,2014-04-02-183000.gpx
2014-04-02,18:18:43,Running,,6.22,32:00:00,05:09,11.65,446,33,,,,2014-04-02-181843.gpx
2014-03-24,18:56:12,Running,,6.32,36:30:00,05:47,10.39,455,36,,,,2014-03-24-185612.gpx
2014-03-20,18:49:11,Running,,9.55,53:54:00,05:39,10.63,684,51,,,,2014-03-20-184911.gpx
2014-03-18,18:49:39,Running,,9.71,57:20:00,05:55,10.15,672,53,,,,2014-03-18-184939.gpx
2014-03-13,18:41:49,Running,,8.62,51:36:00,05:59,10.02,613,48,,,,2014-03-13-184149.gpx
2014-03-11,19:14:15,Running,,6.35,36:54:00,05:49,10.33,455,34,,,,2014-03-11-191415.gpx
2014-03-04,18:45:09,Running,,9.45,53:34:00,05:40,10.58,677,52,,,,2014-03-04-184509.gpx
2014-02-28,18:34:12,Running,,6.34,36:02:00,05:41,10.56,454,32,,,,2014-02-28-183412.gpx
2014-02-25,18:23:39,Running,,6.33,36:09:00,05:43,10.51,454,35,,,,2014-02-25-182339.gpx
2014-02-19,18:40:00,Running,,6.38,36:10:00,05:40,10.58,458,34,,,,2014-02-19-184000.gpx
2014-02-15,08:55:15,Running,,6.29,34:34:00,05:30,10.91,449,35,,,,2014-02-15-085515.gpx
2014-02-13,18:08:01,Running,,6.38,38:00:00,05:57,10.08,458,34,,,,2014-02-13-180801.gpx
2014-02-06,06:32:00,Running,,6.56,42:23:00,06:28,9.29,474,36,,,,2014-02-06-063200.gpx
2014-01-07,18:13:04,Running,,10.81,01:01:31,05:42,10.54,774,56,,,,2014-01-07-181304.gpx
2014-01-02,09:45:05,Running,,3.38,18:10,05:23,11.16,241,16,,,,2014-01-02-094505.gpx
2013-12-31,08:32:35,Running,,6.57,36:02:00,05:29,10.93,471,36,,,,2013-12-31-083235.gpx
2013-12-23,18:59:00,Running,,9.5,54:08:00,05:42,10.53,676,52,,,,2013-12-23-185900.gpx
2013-12-21,07:39:48,Running,,6.34,36:02:00,05:41,10.56,454,33,,,,2013-12-21-073948.gpx
2013-12-19,18:58:42,Running,,9.5,53:06:00,05:35,10.73,679,52,,,,2013-12-19-185842.gpx
2013-12-07,09:15:00,Running,,6.3,34:59:00,05:33,10.8,452,35,,,,2013-12-07-091500.gpx
2013-12-04,18:36:22,Running,,12.48,01:10:42,05:40,10.59,896,69,,,,2013-12-04-183622.gpx
2013-11-30,09:06:01,Running,,6.33,34:24:00,05:26,11.03,451,35,,,,2013-11-30-090601.gpx
2013-11-20,18:18:12,Running,,11.73,01:06:41,05:41,10.55,840,63,,,,2013-11-20-181812.gpx
2013-11-16,09:00:24,Running,,6.15,32:46:00,05:20,11.26,424,21,,,,
2013-11-07,19:00:59,Running,,9.47,50:07:00,05:18,11.33,679,53,,,,2013-11-07-190059.gpx
2013-11-02,09:15:18,Running,,3.14,18:23,05:51,10.25,226,18,,,,2013-11-02-091518.gpx
2013-10-30,18:42:16,Running,,5.81,33:12:00,05:43,10.49,413,32,,,,2013-10-30-184216.gpx
2013-10-23,18:51:35,Running,,6.3,35:41:00,05:40,10.59,453,35,,,,2013-10-23-185135.gpx
2013-10-18,18:07:56,Running,,12.53,01:09:46,05:34,10.77,897,74,,,,2013-10-18-180756.gpx
2013-10-15,18:28:14,Running,,8.57,49:35:00,05:47,10.37,616,45,,,,2013-10-15-182814.gpx
2013-10-12,09:36:00,Running,,6.36,34:21:00,05:24,11.11,455,35,,,,2013-10-12-093600.gpx
2013-10-10,18:08:08,Running,,9.34,50:21:00,05:24,11.12,669,52,,,,2013-10-10-180808.gpx
2013-10-05,07:36:47,Running,,6.36,34:21:00,05:24,11.1,455,35,,,,2013-10-05-073647.gpx
2013-09-30,18:50:38,Running,,6.45,32:41:00,05:04,11.84,462,34,,,,2013-09-30-185038.gpx
2013-09-10,18:13:42,Running,,12.72,01:01:54,04:52,12.33,1018,398,,,,2013-09-10-181342.gpx
2013-09-02,19:10:44,Running,,6.41,32:23:00,05:03,11.88,458,34,,,,2013-09-02-191044.gpx
2013-08-17,08:09:12,Running,,6.45,31:22:00,04:52,12.32,449,30,,,,2013-08-17-080912.gpx
2013-08-15,18:49:50,Walking,,2.48,02:23:46,57:56:00,1.04,306,67,,,,2013-08-15-184950.gpx
2013-08-14,18:17:00,Running,,15.61,01:25:55,05:30,10.9,1121,88,,,,2013-08-14-181700.gpx
2013-08-08,18:30:36,Running,,12.47,01:06:33,05:20,11.24,891,61,,,,2013-08-08-183036.gpx
2013-08-08,07:56:08,Walking,,1.51,15:24,10:11,5.89,85,6,,,,2013-08-08-075608.gpx
2013-08-04,08:27:54,Running,,12.49,01:06:24,05:19,11.29,896,68,,,,2013-08-04-082754.gpx
2013-07-30,18:49:22,Running,,12.47,01:05:43,05:16,11.39,893,67,,,,2013-07-30-184922.gpx
2013-07-21,07:57:30,Running,,11.87,01:00:37,05:07,11.74,845,64,,,,2013-07-21-075730.gpx
2013-07-19,18:40:13,Running,,1.72,08:33,04:58,12.07,40,6,,,,2013-07-19-184013.gpx
2013-07-18,07:47:00,Running,,6.15,32:36:00,05:18,11.33,416,30,,,,2013-07-18-074700.gpx
2013-07-07,08:43:13,Running,,3.75,21:36,05:46,10.41,281,56,,,,2013-07-07-084313.gpx
2013-07-06,07:15:00,Running,,3.75,21:12,05:39,10.61,280,55,,,,2013-07-06-071500.gpx
2013-07-05,08:01:00,Running,,3.75,21:10,05:39,10.63,280,55,,,,2013-07-05-080100.gpx
2013-07-03,07:20:00,Running,,3.75,21:55,05:51,10.26,281,55,,,,2013-07-03-072000.gpx
2013-07-02,07:43:00,Running,,3.75,21:40,05:47,10.38,281,55,,,,2013-07-02-074300.gpx
2013-07-01,07:09:00,Running,,3.75,21:10,05:39,10.63,262,0,,,,
2013-06-26,18:19:00,Running,,16,01:06:49,04:11,14.37,1101,0,,,,
2013-06-22,08:05:20,Running,,6.23,32:25:00,05:12,11.52,446,35,,,,2013-06-22-080520.gpx
2013-06-15,08:44:27,Running,,6.37,29:53:00,04:41,12.79,417,36,,,,2013-06-15-084427.gpx
2013-06-12,18:21:40,Running,,16.59,01:09:29,04:11,14.32,963,77,,,,2013-06-12-182140.gpx
2013-06-08,07:45:08,Running,,6.35,33:51:00,05:20,11.24,455,36,,,,2013-06-08-074508.gpx
2013-06-03,07:04:59,Walking,,1.33,11:59,09:03,6.63,76,5,,,,2013-06-03-070459.gpx
2013-06-01,07:24:07,Running,,12.57,01:06:30,05:18,11.33,898,67,,,,2013-06-01-072407.gpx
2013-05-28,07:16:32,Running,,6.5,24:17:00,03:44,16.05,361,30,,,,2013-05-28-071632.gpx
2013-05-21,18:45:38,Running,,11.63,01:00:35,05:12,11.52,833,63,,,,2013-05-21-184538.gpx
2013-05-11,08:06:42,Running,,6.15,31:38:00,05:08,11.67,420,32,,,,2013-05-11-080642.gpx
2013-05-09,17:24:19,Cycling,,15.47,38:08:00,02:28,24.33,339,88,,,,2013-05-09-172419.gpx
2013-05-09,09:20:00,Running,,6.53,40:00:00,06:08,9.79,430,0,,,,
2013-05-05,14:26:37,Cycling,,20.3,01:06:29,03:17,18.31,498,97,,,,2013-05-05-142637.gpx
2013-05-05,09:13:02,Running,,6.41,33:58:00,05:18,11.33,454,34,,,,2013-05-05-091302.gpx
2013-05-04,08:47:51,Running,,3.15,16:35,05:16,11.38,225,16,,,,2013-05-04-084751.gpx
2013-05-02,08:36:30,Running,,6.21,32:51:00,05:18,11.33,445,36,,,,2013-05-02-083630.gpx
2013-05-01,08:14:59,Running,,6.22,32:29:00,05:13,11.48,446,34,,,,2013-05-01-081459.gpx
2013-04-29,18:48:30,Walking,,1.37,22:39,16:30,3.64,95,10,,,,2013-04-29-184830.gpx
2013-04-29,13:10:14,Walking,,3.83,38:30:00,10:04,5.96,255,25,,,,2013-04-29-131014.gpx
2013-04-28,17:26:52,Cycling,,13.87,48:27:00,03:30,17.17,341,133,,,,2013-04-28-172652.gpx
2013-04-28,10:56:47,Walking,,1.32,13:48,10:30,5.72,67,5,,,,2013-04-28-105647.gpx
2013-04-28,09:02:23,Running,,3.12,16:36,05:19,11.28,224,17,,,,2013-04-28-090223.gpx
2013-04-24,18:31:02,Running,,6.25,29:29:00,04:43,12.71,399,33,,,,2013-04-24-183102.gpx
2013-04-18,21:48:44,Walking,,1.5,24:41:00,16:28,3.64,86,9,,,,2013-04-18-214844.gpx
2013-04-17,19:27:15,Running,,6.48,32:49:00,05:04,11.84,452,37,,,,2013-04-17-192715.gpx
2013-04-13,08:51:29,Running,,6.34,33:02:00,05:13,11.51,454,33,,,,2013-04-13-085129.gpx
2013-03-20,18:49:59,Running,,7.04,40:12:00,05:43,10.5,490,0,,,,2013-03-20-184959.gpx
2013-03-13,18:59:51,Running,,6.41,37:48:00,05:54,10.17,461,35,,,,2013-03-13-185951.gpx
2013-03-11,18:27:56,Walking,,1.86,16:39,08:56,6.72,116,16,,,,2013-03-11-182756.gpx
2013-02-28,18:46:54,Running,,10.3,01:02:36,06:05,9.87,739,67,,,,2013-02-28-184654.gpx
2013-02-26,18:37:02,Running,,9.53,54:44:00,05:45,10.45,683,52,,,,2013-02-26-183702.gpx
2013-02-22,19:23:38,Running,,6.32,35:58:00,05:41,10.55,454,35,,,,2013-02-22-192338.gpx
2013-02-20,18:43:56,Running,,9.59,52:35:00,05:29,10.94,687,52,,,,2013-02-20-184356.gpx
2013-02-15,18:46:00,Running,,9.48,50:29:00,05:20,11.27,655,51,,,,2013-02-15-184600.gpx
2013-02-06,18:58:31,Running,,3.07,08:54,02:54,20.72,103,9,,,,2013-02-06-185831.gpx
2013-01-23,18:38:29,Running,,8.65,50:13:00,05:48,10.34,614,45,,,,2013-01-23-183829.gpx
2013-01-19,09:58:50,Running,,3.39,15:56,04:42,12.75,190,15,,,,2013-01-19-095850.gpx
2013-01-15,18:40:08,Running,,6.72,32:42:00,04:52,12.34,398,32,,,,2013-01-15-184008.gpx
2013-01-12,08:39:55,Running,,3.09,20:07,06:31,9.21,201,13,,,,2013-01-12-083955.gpx
2013-01-02,18:35:11,Running,,5.47,31:24:00,05:45,10.44,392,28,,,,2013-01-02-183511.gpx
2012-12-22,08:29:13,Running,,3.05,18:44,06:09,9.76,216,17,,,,2012-12-22-082913.gpx
2012-12-15,09:43:53,Running,,3.14,20:08,06:25,9.36,227,18,,,,2012-12-15-094353.gpx
2012-12-08,08:37:38,Running,,3.21,18:50,05:53,10.21,228,18,,,,2012-12-08-083738.gpx
2012-12-04,18:52:39,Running,,6.63,32:05:00,04:50,12.39,406,30,,,,2012-12-04-185239.gpx
2012-12-01,08:21:18,Running,,3.31,18:07,05:28,10.97,230,18,,,,2012-12-01-082118.gpx
2012-11-28,18:58:02,Running,,6.28,37:29:00,05:58,10.04,450,35,,,,2012-11-28-185802.gpx
2012-11-24,08:57:47,Running,,2.65,14:07,05:20,11.27,186,15,,,,2012-11-24-085747.gpx
2012-11-18,09:51:18,Running,,3.18,17:13,05:25,11.09,228,18,,,,2012-11-18-095118.gpx
2012-11-10,08:37:49,Running,,2.85,16:52,05:55,10.14,205,16,,,,2012-11-10-083749.gpx
2012-11-07,18:54:35,Running,,4.79,27:16:00,05:42,10.53,340,23,,,,2012-11-07-185435.gpx
2012-11-04,18:59:06,Walking,,1.22,12:05,09:54,6.07,67,10,,,,2012-11-04-185906.gpx
2012-10-23,18:43:56,Running,,5.2,29:26:00,05:40,10.59,371,27,,,,2012-10-23-184356.gpx
2012-10-20,08:37:33,Running,,3.18,19:28,06:07,9.8,228,18,,,,2012-10-20-083733.gpx
2012-10-18,18:39:07,Running,,3.7,19:17,05:13,11.51,264,20,,,,2012-10-18-183907.gpx
2012-10-16,20:27:31,Running,,1.28,13:17,10:24,5.77,69,9,,,,2012-10-16-202731.gpx
2012-09-22,08:56:08,Running,,3.16,16:26,05:13,11.52,225,18,,,,2012-09-22-085608.gpx
2012-09-15,08:05:15,Running,,3.11,16:58,05:28,10.98,223,18,,,,2012-09-15-080515.gpx
2012-09-08,08:35:02,Running,,3.27,15:55,04:52,12.32,231,15,,,,2012-09-08-083502.gpx
2012-09-04,19:12:17,Running,,6.26,32:35:00,05:12,11.53,455,34,,,,2012-09-04-191217.gpx
2012-09-03,15:25:22,Walking,,2.49,26:58:00,10:51,5.53,189,14,,,,2012-09-03-152522.gpx
2012-09-03,13:20:56,Walking,,4.29,39:25:00,09:12,6.53,316,112,,,,2012-09-03-132056.gpx
2012-09-02,08:41:31,Running,,3.14,16:16,05:11,11.56,230,18,,,,2012-09-02-084131.gpx
2012-08-30,07:10:21,Walking,,1.43,15:12,10:40,5.63,77,7,,,I was feeling sick,2012-08-30-071021.gpx
2012-08-29,18:19:26,Walking,,1.34,13:14,09:55,6.05,82,16,,,,2012-08-29-181926.gpx
2012-08-29,08:21:43,Walking,,1.48,14:48,10:02,5.98,89,6,,,,2012-08-29-082143.gpx
2012-08-28,19:43:52,Walking,,1.46,13:24,09:12,6.52,87,13,,,,2012-08-28-194352.gpx
2012-08-28,07:06:57,Walking,,1.57,13:39,08:41,6.91,926743,7,,,,2012-08-28-070657.gpx
2012-08-24,12:59:42,Walking,,1.48,17:56,12:09,4.94,942192,12,,,,2012-08-24-125942.gpx
2012-08-24,10:12:16,Walking,,1.49,13:43,09:14,6.49,924486,9,,,,2012-08-24-101216.gpx
2012-08-24,08:13:12,Running,,3.15,16:00,05:05,11.82,2288868,17,,,,2012-08-24-081312.gpx
2012-08-22,18:53:54,Running,,5.69,31:08:00,05:29,10.95,4072685,32,,,,2012-08-22-185354.gpx